{
  "id": "3242783",
  "name": "SIGN_UP",
  "font_family": "iconfont",
  "css_prefix_text": "icon-",
  "description": "",
  "glyphs": [
    {
      "icon_id": "7008959",
      "name": "lock_fill",
      "font_class": "lock_fill",
      "unicode": "e709",
      "unicode_decimal": 59145
    },
    {
      "icon_id": "7008962",
      "name": "mail_fill",
      "font_class": "mail_fill",
      "unicode": "e70a",
      "unicode_decimal": 59146
    },
    {
      "icon_id": "7008968",
      "name": "mine_fill",
      "font_class": "mine_fill",
      "unicode": "e70e",
      "unicode_decimal": 59150
    }
  ]
}
